{
  "Total" : {
    "transaction" : "Total",
    "sampleCount" : 1024,
    "errorCount" : 40,
    "errorPct" : 3.90625,
    "meanResTime" : 4117.14453125,
    "minResTime" : 326.0,
    "maxResTime" : 80824.0,
    "pct1ResTime" : 5564.5,
    "pct2ResTime" : 6153.5,
    "pct3ResTime" : 79593.75,
    "throughput" : 12.368792955585887,
    "receivedKBytesPerSec" : 13.02586620807112,
    "sentKBytesPerSec" : 1.3580268815905494
  },
  "HTTP Request" : {
    "transaction" : "HTTP Request",
    "sampleCount" : 1024,
    "errorCount" : 40,
    "errorPct" : 3.90625,
    "meanResTime" : 4117.14453125,
    "minResTime" : 326.0,
    "maxResTime" : 80824.0,
    "pct1ResTime" : 5564.5,
    "pct2ResTime" : 6153.5,
    "pct3ResTime" : 79593.75,
    "throughput" : 12.368792955585887,
    "receivedKBytesPerSec" : 13.02586620807112,
    "sentKBytesPerSec" : 1.3580268815905494
  }
}