{
  "Total" : {
    "transaction" : "Total",
    "sampleCount" : 1024,
    "errorCount" : 0,
    "errorPct" : 0.0,
    "meanResTime" : 1534.9267578124986,
    "minResTime" : 193.0,
    "maxResTime" : 7374.0,
    "pct1ResTime" : 4025.0,
    "pct2ResTime" : 6021.25,
    "pct3ResTime" : 6803.75,
    "throughput" : 132.11198555025157,
    "receivedKBytesPerSec" : 131.72493871758482,
    "sentKBytesPerSec" : 15.094826474003353
  },
  "HTTP Request" : {
    "transaction" : "HTTP Request",
    "sampleCount" : 1024,
    "errorCount" : 0,
    "errorPct" : 0.0,
    "meanResTime" : 1534.9267578124986,
    "minResTime" : 193.0,
    "maxResTime" : 7374.0,
    "pct1ResTime" : 4025.0,
    "pct2ResTime" : 6021.25,
    "pct3ResTime" : 6803.75,
    "throughput" : 132.11198555025157,
    "receivedKBytesPerSec" : 131.72493871758482,
    "sentKBytesPerSec" : 15.094826474003353
  }
}