{
  "HTTPS Request-3" : {
    "transaction" : "HTTPS Request-3",
    "sampleCount" : 10,
    "errorCount" : 0,
    "errorPct" : 0.0,
    "meanResTime" : 4691.700000000001,
    "minResTime" : 801.0,
    "maxResTime" : 7760.0,
    "pct1ResTime" : 7650.0,
    "pct2ResTime" : 7760.0,
    "pct3ResTime" : 7760.0,
    "throughput" : 0.668985817500669,
    "receivedKBytesPerSec" : 168.2616926177415,
    "sentKBytesPerSec" : 0.09472943704843458
  },
  "HTTPS Request-11" : {
    "transaction" : "HTTPS Request-11",
    "sampleCount" : 10,
    "errorCount" : 0,
    "errorPct" : 0.0,
    "meanResTime" : 2567.9000000000005,
    "minResTime" : 621.0,
    "maxResTime" : 5381.0,
    "pct1ResTime" : 5237.3,
    "pct2ResTime" : 5381.0,
    "pct3ResTime" : 5381.0,
    "throughput" : 0.08203243562504614,
    "receivedKBytesPerSec" : 5.235896445329483,
    "sentKBytesPerSec" : 0.010975042656866524
  },
  "HTTPS Request-4" : {
    "transaction" : "HTTPS Request-4",
    "sampleCount" : 10,
    "errorCount" : 0,
    "errorPct" : 0.0,
    "meanResTime" : 1184.8000000000002,
    "minResTime" : 123.0,
    "maxResTime" : 3008.0,
    "pct1ResTime" : 2913.4000000000005,
    "pct2ResTime" : 3008.0,
    "pct3ResTime" : 3008.0,
    "throughput" : 0.6496037417175523,
    "receivedKBytesPerSec" : 4.117751843250617,
    "sentKBytesPerSec" : 0.0888130115629466
  },
  "HTTPS Request-10" : {
    "transaction" : "HTTPS Request-10",
    "sampleCount" : 10,
    "errorCount" : 0,
    "errorPct" : 0.0,
    "meanResTime" : 99462.3,
    "minResTime" : 45501.0,
    "maxResTime" : 148182.0,
    "pct1ResTime" : 146845.1,
    "pct2ResTime" : 148182.0,
    "pct3ResTime" : 148182.0,
    "throughput" : 0.059144300263783575,
    "receivedKBytesPerSec" : 454.2261467340517,
    "sentKBytesPerSec" : 0.00802837669596281
  },
  "HTTPS Request-5" : {
    "transaction" : "HTTPS Request-5",
    "sampleCount" : 10,
    "errorCount" : 0,
    "errorPct" : 0.0,
    "meanResTime" : 8690.899999999998,
    "minResTime" : 1050.0,
    "maxResTime" : 15639.0,
    "pct1ResTime" : 15420.0,
    "pct2ResTime" : 15639.0,
    "pct3ResTime" : 15639.0,
    "throughput" : 0.33910949845705174,
    "receivedKBytesPerSec" : 189.38967443368713,
    "sentKBytesPerSec" : 0.04702494998134898
  },
  "HTTPS Request-6" : {
    "transaction" : "HTTPS Request-6",
    "sampleCount" : 10,
    "errorCount" : 0,
    "errorPct" : 0.0,
    "meanResTime" : 4460.2,
    "minResTime" : 1058.0,
    "maxResTime" : 6551.0,
    "pct1ResTime" : 6525.3,
    "pct2ResTime" : 6551.0,
    "pct3ResTime" : 6551.0,
    "throughput" : 0.31347962382445144,
    "receivedKBytesPerSec" : 57.402588655956116,
    "sentKBytesPerSec" : 0.04347080721003135
  },
  "HTTPS Request-7" : {
    "transaction" : "HTTPS Request-7",
    "sampleCount" : 10,
    "errorCount" : 0,
    "errorPct" : 0.0,
    "meanResTime" : 4993.6,
    "minResTime" : 739.0,
    "maxResTime" : 15459.0,
    "pct1ResTime" : 14710.600000000002,
    "pct2ResTime" : 15459.0,
    "pct3ResTime" : 15459.0,
    "throughput" : 0.28283742504808235,
    "receivedKBytesPerSec" : 51.7907365440095,
    "sentKBytesPerSec" : 0.03839297078289399
  },
  "HTTPS Request" : {
    "transaction" : "HTTPS Request",
    "sampleCount" : 10,
    "errorCount" : 0,
    "errorPct" : 0.0,
    "meanResTime" : 215510.49999999997,
    "minResTime" : 135656.0,
    "maxResTime" : 257170.0,
    "pct1ResTime" : 256856.9,
    "pct2ResTime" : 257170.0,
    "pct3ResTime" : 257170.0,
    "throughput" : 0.038300822318655184,
    "receivedKBytesPerSec" : 613.3727455776913,
    "sentKBytesPerSec" : 0.06253806144217916
  },
  "HTTPS Request-8" : {
    "transaction" : "HTTPS Request-8",
    "sampleCount" : 10,
    "errorCount" : 0,
    "errorPct" : 0.0,
    "meanResTime" : 85977.2,
    "minResTime" : 58138.0,
    "maxResTime" : 154724.0,
    "pct1ResTime" : 149403.40000000002,
    "pct2ResTime" : 154724.0,
    "pct3ResTime" : 154724.0,
    "throughput" : 0.05639935253543289,
    "receivedKBytesPerSec" : 395.6112755700565,
    "sentKBytesPerSec" : 0.007821003964874484
  },
  "HTTPS Request-9" : {
    "transaction" : "HTTPS Request-9",
    "sampleCount" : 10,
    "errorCount" : 0,
    "errorPct" : 0.0,
    "meanResTime" : 1415.6000000000001,
    "minResTime" : 926.0,
    "maxResTime" : 2568.0,
    "pct1ResTime" : 2534.1000000000004,
    "pct2ResTime" : 2568.0,
    "pct3ResTime" : 2568.0,
    "throughput" : 0.10360869069697566,
    "receivedKBytesPerSec" : 6.307786128350446,
    "sentKBytesPerSec" : 0.014165250681227141
  },
  "Total" : {
    "transaction" : "Total",
    "sampleCount" : 130,
    "errorCount" : 0,
    "errorPct" : 0.0,
    "meanResTime" : 33153.938461538455,
    "minResTime" : 85.0,
    "maxResTime" : 257170.0,
    "pct1ResTime" : 134777.7,
    "pct2ResTime" : 207362.44999999972,
    "pct3ResTime" : 256199.38999999998,
    "throughput" : 0.4979106901425173,
    "receivedKBytesPerSec" : 1226.7454911553825,
    "sentKBytesPerSec" : 0.12507612288435832
  },
  "HTTPS Request-0" : {
    "transaction" : "HTTPS Request-0",
    "sampleCount" : 10,
    "errorCount" : 0,
    "errorPct" : 0.0,
    "meanResTime" : 1341.7,
    "minResTime" : 452.0,
    "maxResTime" : 2436.0,
    "pct1ResTime" : 2388.6000000000004,
    "pct2ResTime" : 2436.0,
    "pct3ResTime" : 2436.0,
    "throughput" : 0.9268699601445918,
    "receivedKBytesPerSec" : 0.9422574497173047,
    "sentKBytesPerSec" : 0.11404845212716656
  },
  "HTTPS Request-1" : {
    "transaction" : "HTTPS Request-1",
    "sampleCount" : 10,
    "errorCount" : 0,
    "errorPct" : 0.0,
    "meanResTime" : 300.2,
    "minResTime" : 96.0,
    "maxResTime" : 1102.0,
    "pct1ResTime" : 1036.5000000000002,
    "pct2ResTime" : 1102.0,
    "pct3ResTime" : 1102.0,
    "throughput" : 1.1883541295306002,
    "receivedKBytesPerSec" : 6.58468879976233,
    "sentKBytesPerSec" : 0.15898878490790258
  },
  "HTTPS Request-2" : {
    "transaction" : "HTTPS Request-2",
    "sampleCount" : 10,
    "errorCount" : 0,
    "errorPct" : 0.0,
    "meanResTime" : 404.59999999999997,
    "minResTime" : 85.0,
    "maxResTime" : 1984.0,
    "pct1ResTime" : 1860.3000000000004,
    "pct2ResTime" : 1984.0,
    "pct3ResTime" : 1984.0,
    "throughput" : 1.183151916706105,
    "receivedKBytesPerSec" : 7.503309128017038,
    "sentKBytesPerSec" : 0.1652253164931377
  }
}