{
  "HTTPS Request-3" : {
    "transaction" : "HTTPS Request-3",
    "sampleCount" : 1,
    "errorCount" : 0,
    "errorPct" : 0.0,
    "meanResTime" : 857.0,
    "minResTime" : 857.0,
    "maxResTime" : 857.0,
    "pct1ResTime" : 857.0,
    "pct2ResTime" : 857.0,
    "pct3ResTime" : 857.0,
    "throughput" : 1.1668611435239205,
    "receivedKBytesPerSec" : 293.48608882730457,
    "sentKBytesPerSec" : 0.16522936114352393
  },
  "HTTPS Request-11" : {
    "transaction" : "HTTPS Request-11",
    "sampleCount" : 1,
    "errorCount" : 0,
    "errorPct" : 0.0,
    "meanResTime" : 766.0,
    "minResTime" : 766.0,
    "maxResTime" : 766.0,
    "pct1ResTime" : 766.0,
    "pct2ResTime" : 766.0,
    "pct3ResTime" : 766.0,
    "throughput" : 1.3054830287206267,
    "receivedKBytesPerSec" : 83.32525905678851,
    "sentKBytesPerSec" : 0.1746593505221932
  },
  "HTTPS Request-4" : {
    "transaction" : "HTTPS Request-4",
    "sampleCount" : 1,
    "errorCount" : 0,
    "errorPct" : 0.0,
    "meanResTime" : 953.0,
    "minResTime" : 953.0,
    "maxResTime" : 953.0,
    "pct1ResTime" : 953.0,
    "pct2ResTime" : 953.0,
    "pct3ResTime" : 953.0,
    "throughput" : 1.0493179433368311,
    "receivedKBytesPerSec" : 6.6514870802728225,
    "sentKBytesPerSec" : 0.14346143756558238
  },
  "HTTPS Request-10" : {
    "transaction" : "HTTPS Request-10",
    "sampleCount" : 1,
    "errorCount" : 0,
    "errorPct" : 0.0,
    "meanResTime" : 15604.0,
    "minResTime" : 15604.0,
    "maxResTime" : 15604.0,
    "pct1ResTime" : 15604.0,
    "pct2ResTime" : 15604.0,
    "pct3ResTime" : 15604.0,
    "throughput" : 0.0640861317610869,
    "receivedKBytesPerSec" : 492.1792388970777,
    "sentKBytesPerSec" : 0.008699191713663164
  },
  "HTTPS Request-5" : {
    "transaction" : "HTTPS Request-5",
    "sampleCount" : 1,
    "errorCount" : 0,
    "errorPct" : 0.0,
    "meanResTime" : 1569.0,
    "minResTime" : 1569.0,
    "maxResTime" : 1569.0,
    "pct1ResTime" : 1569.0,
    "pct2ResTime" : 1569.0,
    "pct3ResTime" : 1569.0,
    "throughput" : 0.6373486297004461,
    "receivedKBytesPerSec" : 355.9536079907584,
    "sentKBytesPerSec" : 0.08838232950924156
  },
  "HTTPS Request-6" : {
    "transaction" : "HTTPS Request-6",
    "sampleCount" : 1,
    "errorCount" : 0,
    "errorPct" : 0.0,
    "meanResTime" : 1048.0,
    "minResTime" : 1048.0,
    "maxResTime" : 1048.0,
    "pct1ResTime" : 1048.0,
    "pct2ResTime" : 1048.0,
    "pct3ResTime" : 1048.0,
    "throughput" : 0.9541984732824427,
    "receivedKBytesPerSec" : 174.7273452409351,
    "sentKBytesPerSec" : 0.13232049141221375
  },
  "HTTPS Request-7" : {
    "transaction" : "HTTPS Request-7",
    "sampleCount" : 1,
    "errorCount" : 0,
    "errorPct" : 0.0,
    "meanResTime" : 397.0,
    "minResTime" : 397.0,
    "maxResTime" : 397.0,
    "pct1ResTime" : 397.0,
    "pct2ResTime" : 397.0,
    "pct3ResTime" : 397.0,
    "throughput" : 2.5188916876574305,
    "receivedKBytesPerSec" : 461.2376023299748,
    "sentKBytesPerSec" : 0.3419198677581864
  },
  "HTTPS Request" : {
    "transaction" : "HTTPS Request",
    "sampleCount" : 1,
    "errorCount" : 0,
    "errorPct" : 0.0,
    "meanResTime" : 35367.0,
    "minResTime" : 35367.0,
    "maxResTime" : 35367.0,
    "pct1ResTime" : 35367.0,
    "pct2ResTime" : 35367.0,
    "pct3ResTime" : 35367.0,
    "throughput" : 0.028274945570729775,
    "receivedKBytesPerSec" : 452.8122360268754,
    "sentKBytesPerSec" : 0.04616768456470722
  },
  "HTTPS Request-8" : {
    "transaction" : "HTTPS Request-8",
    "sampleCount" : 1,
    "errorCount" : 0,
    "errorPct" : 0.0,
    "meanResTime" : 12443.0,
    "minResTime" : 12443.0,
    "maxResTime" : 12443.0,
    "pct1ResTime" : 12443.0,
    "pct2ResTime" : 12443.0,
    "pct3ResTime" : 12443.0,
    "throughput" : 0.08036647110825364,
    "receivedKBytesPerSec" : 563.7277862050953,
    "sentKBytesPerSec" : 0.01114456923571486
  },
  "HTTPS Request-9" : {
    "transaction" : "HTTPS Request-9",
    "sampleCount" : 1,
    "errorCount" : 0,
    "errorPct" : 0.0,
    "meanResTime" : 519.0,
    "minResTime" : 519.0,
    "maxResTime" : 519.0,
    "pct1ResTime" : 519.0,
    "pct2ResTime" : 519.0,
    "pct3ResTime" : 519.0,
    "throughput" : 1.9267822736030829,
    "receivedKBytesPerSec" : 117.30416064547205,
    "sentKBytesPerSec" : 0.2634272639691715
  },
  "Total" : {
    "transaction" : "Total",
    "sampleCount" : 13,
    "errorCount" : 0,
    "errorPct" : 0.0,
    "meanResTime" : 5441.000000000002,
    "minResTime" : 88.0,
    "maxResTime" : 35367.0,
    "pct1ResTime" : 27461.799999999996,
    "pct2ResTime" : 35367.0,
    "pct3ResTime" : 35367.0,
    "throughput" : 0.367563899570233,
    "receivedKBytesPerSec" : 905.5988662950972,
    "sentKBytesPerSec" : 0.09233275842569554
  },
  "HTTPS Request-0" : {
    "transaction" : "HTTPS Request-0",
    "sampleCount" : 1,
    "errorCount" : 0,
    "errorPct" : 0.0,
    "meanResTime" : 1030.0,
    "minResTime" : 1030.0,
    "maxResTime" : 1030.0,
    "pct1ResTime" : 1030.0,
    "pct2ResTime" : 1030.0,
    "pct3ResTime" : 1030.0,
    "throughput" : 0.970873786407767,
    "receivedKBytesPerSec" : 0.9869918082524272,
    "sentKBytesPerSec" : 0.1194629854368932
  },
  "HTTPS Request-1" : {
    "transaction" : "HTTPS Request-1",
    "sampleCount" : 1,
    "errorCount" : 0,
    "errorPct" : 0.0,
    "meanResTime" : 88.0,
    "minResTime" : 88.0,
    "maxResTime" : 88.0,
    "pct1ResTime" : 88.0,
    "pct2ResTime" : 88.0,
    "pct3ResTime" : 88.0,
    "throughput" : 11.363636363636363,
    "receivedKBytesPerSec" : 62.96608664772727,
    "sentKBytesPerSec" : 1.5203302556818183
  },
  "HTTPS Request-2" : {
    "transaction" : "HTTPS Request-2",
    "sampleCount" : 1,
    "errorCount" : 0,
    "errorPct" : 0.0,
    "meanResTime" : 92.0,
    "minResTime" : 92.0,
    "maxResTime" : 92.0,
    "pct1ResTime" : 92.0,
    "pct2ResTime" : 92.0,
    "pct3ResTime" : 92.0,
    "throughput" : 10.869565217391305,
    "receivedKBytesPerSec" : 68.93257472826087,
    "sentKBytesPerSec" : 1.5179177989130435
  }
}