{
  "Total" : {
    "transaction" : "Total",
    "sampleCount" : 1024,
    "errorCount" : 48,
    "errorPct" : 4.6875,
    "meanResTime" : 6480.258789062503,
    "minResTime" : 324.0,
    "maxResTime" : 275636.0,
    "pct1ResTime" : 5619.0,
    "pct2ResTime" : 6364.0,
    "pct3ResTime" : 73564.75,
    "throughput" : 3.6989676123597537,
    "receivedKBytesPerSec" : 3.97333456715035,
    "sentKBytesPerSec" : 0.4338114176726847
  },
  "HTTP Request" : {
    "transaction" : "HTTP Request",
    "sampleCount" : 1024,
    "errorCount" : 48,
    "errorPct" : 4.6875,
    "meanResTime" : 6480.258789062503,
    "minResTime" : 324.0,
    "maxResTime" : 275636.0,
    "pct1ResTime" : 5619.0,
    "pct2ResTime" : 6364.0,
    "pct3ResTime" : 73564.75,
    "throughput" : 3.6989676123597537,
    "receivedKBytesPerSec" : 3.97333456715035,
    "sentKBytesPerSec" : 0.4338114176726847
  }
}